[
    {
      "id": 1,
      "name": "Tree Monk",
      "username": "Tree.Monk",
      "email": "treeMonk@simplilearn.com",
      "phone": "+91 9876543210",
      "website": "www.simplilearn.com"
       
    },
    {
        "id": 2,
        "name": "Alex D'souza",
        "username": "alex.Dsouza",
        "email": "alex@simplilearn.com",
        "phone": "+91 1234567890",
        "website": "www.simplilearn.com"
         
      },
      {
        "id": 3,
        "name": "shin chan",
        "username": "shin.chan",
        "email": "shinchan@simplilearn.com",
        "phone": "+91 7689547632",
        "website": "www.simplilearn.com"
         
      },
      {
        "id": 4,
        "name": "jackie chan",
        "username": "jackie.chan",
        "email": "jackiechan@simplilearn.com",
        "phone": "+91 8723675409",
        "website": "www.simplilearn.com"
         
      },
      {
        "id": 5,
        "name": "Rayala Lokesh",
        "username": "Rayala.Lokesh",
        "email": "rayala@simplilearn.com",
        "phone": "+91 9898989876",
        "website": "www.simplilearn.com"
         
      }
     
  ]